<?xml version="1.0" encoding="UTF-8"?>
<w:document xmlns:r="http://schemas.openxmlformats.org/officeDocument/2006/relationships" xmlns:wp="http://schemas.openxmlformats.org/drawingml/2006/wordprocessingDrawing" xmlns:w="http://schemas.openxmlformats.org/wordprocessingml/2006/main" xmlns:w10="urn:schemas-microsoft-com:office:word" xmlns:w14="http://schemas.microsoft.com/office/word/2010/wordml" xmlns:wps="http://schemas.microsoft.com/office/word/2010/wordprocessingShape" xmlns:wpg="http://schemas.microsoft.com/office/word/2010/wordprocessingGroup" xmlns:mc="http://schemas.openxmlformats.org/markup-compatibility/2006" xmlns:v="urn:schemas-microsoft-com:vml" xmlns:o="urn:schemas-microsoft-com:office:office" xmlns:m="http://schemas.openxmlformats.org/officeDocument/2006/math" mc:Ignorable="w14"><w:body><w:p><w:pPr><w:pStyle w:val="Body"/><w:bidi w:val="0"/></w:pPr><w:r><w:rPr><w:rtl w:val="0"/></w:rPr><w:t xml:space="preserve">New project starting today - Orderof.org. Help me develop it all - I want to build a site that draws from various media datasets, books films games etc (e.g. IMDB for movies/films/series, perhaps using the API key), creating pages/listings for the order of every series with an amazon UK and US affiliates links. Eventually want navigation for the site to include books, films/movies, series, anime/animation, games, music (discography orders), cars </w:t></w:r></w:p><w:p><w:pPr><w:pStyle w:val="Body"/><w:bidi w:val="0"/></w:pPr></w:p><w:p><w:pPr><w:pStyle w:val="Body"/><w:bidi w:val="0"/></w:pPr></w:p><w:p><w:pPr><w:pStyle w:val="Body"/><w:bidi w:val="0"/></w:pPr><w:r><w:rPr><w:rFonts w:ascii="Arial Unicode MS" w:cs="Arial Unicode MS" w:hAnsi="Arial Unicode MS" w:eastAsia="Arial Unicode MS" w:hint="eastAsia"/><w:b w:val="0"/><w:bCs w:val="0"/><w:i w:val="0"/><w:iCs w:val="0"/><w:rtl w:val="0"/></w:rPr><w:t>🚀</w:t></w:r><w:r><w:rPr><w:rtl w:val="0"/></w:rPr><w:t xml:space="preserve"> </w:t></w:r><w:r><w:rPr><w:rtl w:val="0"/></w:rPr><w:t>Step 1: Vision &amp; Core Features</w:t></w:r></w:p><w:p><w:pPr><w:pStyle w:val="Body"/><w:bidi w:val="0"/></w:pPr><w:r><w:rPr><w:rFonts w:ascii="Arial Unicode MS" w:cs="Arial Unicode MS" w:hAnsi="Arial Unicode MS" w:eastAsia="Arial Unicode MS" w:hint="eastAsia"/><w:b w:val="0"/><w:bCs w:val="0"/><w:i w:val="0"/><w:iCs w:val="0"/><w:rtl w:val="0"/></w:rPr><w:t>🎯</w:t></w:r><w:r><w:rPr><w:rtl w:val="0"/></w:rPr><w:t xml:space="preserve"> </w:t></w:r><w:r><w:rPr><w:rtl w:val="0"/></w:rPr><w:t>What Orderof.org does:</w:t></w:r></w:p><w:p><w:pPr><w:pStyle w:val="Body"/><w:bidi w:val="0"/></w:pPr><w:r><w:rPr><w:rtl w:val="0"/></w:rPr><w:t>For books, movies, series, games, music, cars:</w:t></w:r></w:p><w:p><w:pPr><w:pStyle w:val="Body"/><w:bidi w:val="0"/></w:pPr></w:p><w:p><w:pPr><w:pStyle w:val="Body"/><w:bidi w:val="0"/></w:pPr><w:r><w:rPr><w:rtl w:val="0"/></w:rPr><w:t>Shows the correct order to consume or collect them (e.g., Star Wars viewing orders, The Witcher reading order, Zelda timeline).</w:t></w:r></w:p><w:p><w:pPr><w:pStyle w:val="Body"/><w:bidi w:val="0"/></w:pPr></w:p><w:p><w:pPr><w:pStyle w:val="Body"/><w:bidi w:val="0"/></w:pPr><w:r><w:rPr><w:rtl w:val="0"/></w:rPr><w:t>Allows search and navigation by franchise, author, artist, or car brand.</w:t></w:r></w:p><w:p><w:pPr><w:pStyle w:val="Body"/><w:bidi w:val="0"/></w:pPr></w:p><w:p><w:pPr><w:pStyle w:val="Body"/><w:bidi w:val="0"/></w:pPr><w:r><w:rPr><w:rtl w:val="0"/></w:rPr><w:t>Affiliate buttons for Amazon UK/US, iTunes, Spotify, or car sites.</w:t></w:r></w:p><w:p><w:pPr><w:pStyle w:val="Body"/><w:bidi w:val="0"/></w:pPr></w:p><w:p><w:pPr><w:pStyle w:val="Body"/><w:bidi w:val="0"/></w:pPr><w:r><w:rPr><w:rFonts w:ascii="Arial Unicode MS" w:cs="Arial Unicode MS" w:hAnsi="Arial Unicode MS" w:eastAsia="Arial Unicode MS" w:hint="eastAsia"/><w:b w:val="0"/><w:bCs w:val="0"/><w:i w:val="0"/><w:iCs w:val="0"/><w:rtl w:val="0"/></w:rPr><w:t>🗺</w:t></w:r><w:r><w:rPr><w:rFonts w:ascii="Arial Unicode MS" w:cs="Arial Unicode MS" w:hAnsi="Arial Unicode MS" w:eastAsia="Arial Unicode MS"/><w:b w:val="0"/><w:bCs w:val="0"/><w:i w:val="0"/><w:iCs w:val="0"/><w:rtl w:val="0"/></w:rPr><w:t>️</w:t></w:r><w:r><w:rPr><w:rtl w:val="0"/></w:rPr><w:t xml:space="preserve"> Categories:</w:t></w:r></w:p><w:p><w:pPr><w:pStyle w:val="Body"/><w:bidi w:val="0"/></w:pPr><w:r><w:rPr><w:rtl w:val="0"/></w:rPr><w:t>Books: chronological &amp; release reading orders.</w:t></w:r></w:p><w:p><w:pPr><w:pStyle w:val="Body"/><w:bidi w:val="0"/></w:pPr></w:p><w:p><w:pPr><w:pStyle w:val="Body"/><w:bidi w:val="0"/></w:pPr><w:r><w:rPr><w:rtl w:val="0"/></w:rPr><w:t>Movies/Series: theatrical release vs. timeline order.</w:t></w:r></w:p><w:p><w:pPr><w:pStyle w:val="Body"/><w:bidi w:val="0"/></w:pPr></w:p><w:p><w:pPr><w:pStyle w:val="Body"/><w:bidi w:val="0"/></w:pPr><w:r><w:rPr><w:rtl w:val="0"/></w:rPr><w:t>Anime/Animation: season, OVAs, spin-offs.</w:t></w:r></w:p><w:p><w:pPr><w:pStyle w:val="Body"/><w:bidi w:val="0"/></w:pPr></w:p><w:p><w:pPr><w:pStyle w:val="Body"/><w:bidi w:val="0"/></w:pPr><w:r><w:rPr><w:rtl w:val="0"/></w:rPr><w:t>Games: release order, remakes, chronological timelines.</w:t></w:r></w:p><w:p><w:pPr><w:pStyle w:val="Body"/><w:bidi w:val="0"/></w:pPr></w:p><w:p><w:pPr><w:pStyle w:val="Body"/><w:bidi w:val="0"/></w:pPr><w:r><w:rPr><w:rtl w:val="0"/></w:rPr><w:t>Music: discographies &amp; recommended listening.</w:t></w:r></w:p><w:p><w:pPr><w:pStyle w:val="Body"/><w:bidi w:val="0"/></w:pPr></w:p><w:p><w:pPr><w:pStyle w:val="Body"/><w:bidi w:val="0"/></w:pPr><w:r><w:rPr><w:rtl w:val="0"/><w:lang w:val="de-DE"/></w:rPr><w:t>Cars: by generation (e.g., Porsche 911 generations).</w:t></w:r></w:p><w:p><w:pPr><w:pStyle w:val="Body"/><w:bidi w:val="0"/></w:pPr></w:p><w:p><w:pPr><w:pStyle w:val="Body"/><w:bidi w:val="0"/></w:pPr><w:r><w:rPr><w:rFonts w:ascii="Arial Unicode MS" w:cs="Arial Unicode MS" w:hAnsi="Arial Unicode MS" w:eastAsia="Arial Unicode MS" w:hint="eastAsia"/><w:b w:val="0"/><w:bCs w:val="0"/><w:i w:val="0"/><w:iCs w:val="0"/><w:rtl w:val="0"/></w:rPr><w:t>🧱</w:t></w:r><w:r><w:rPr><w:rtl w:val="0"/></w:rPr><w:t xml:space="preserve"> </w:t></w:r><w:r><w:rPr><w:rtl w:val="0"/></w:rPr><w:t>Step 2: Technical Architecture</w:t></w:r></w:p><w:p><w:pPr><w:pStyle w:val="Body"/><w:bidi w:val="0"/></w:pPr><w:r><w:rPr><w:rFonts w:ascii="Arial Unicode MS" w:cs="Arial Unicode MS" w:hAnsi="Arial Unicode MS" w:eastAsia="Arial Unicode MS" w:hint="eastAsia"/><w:b w:val="0"/><w:bCs w:val="0"/><w:i w:val="0"/><w:iCs w:val="0"/><w:rtl w:val="0"/></w:rPr><w:t>🗄</w:t></w:r><w:r><w:rPr><w:rtl w:val="0"/></w:rPr><w:t xml:space="preserve"> </w:t></w:r><w:r><w:rPr><w:rtl w:val="0"/><w:lang w:val="de-DE"/></w:rPr><w:t>Backend</w:t></w:r></w:p><w:p><w:pPr><w:pStyle w:val="Body"/><w:bidi w:val="0"/></w:pPr><w:r><w:rPr><w:rtl w:val="0"/></w:rPr><w:t>Framework: Node.js (fast API calls &amp; integrations) or Python (Django for data-heavy sites).</w:t></w:r></w:p><w:p><w:pPr><w:pStyle w:val="Body"/><w:bidi w:val="0"/></w:pPr></w:p><w:p><w:pPr><w:pStyle w:val="Body"/><w:bidi w:val="0"/></w:pPr><w:r><w:rPr><w:rtl w:val="0"/></w:rPr><w:t>Database: PostgreSQL for structured franchise/order data.</w:t></w:r></w:p><w:p><w:pPr><w:pStyle w:val="Body"/><w:bidi w:val="0"/></w:pPr></w:p><w:p><w:pPr><w:pStyle w:val="Body"/><w:bidi w:val="0"/></w:pPr><w:r><w:rPr><w:rtl w:val="0"/></w:rPr><w:t>APIs to pull data:</w:t></w:r></w:p><w:p><w:pPr><w:pStyle w:val="Body"/><w:bidi w:val="0"/></w:pPr></w:p><w:p><w:pPr><w:pStyle w:val="Body"/><w:bidi w:val="0"/></w:pPr><w:r><w:rPr><w:rtl w:val="0"/></w:rPr><w:t xml:space="preserve">IMDb API (or TMDb API for movies/series </w:t></w:r><w:r><w:rPr><w:rtl w:val="0"/></w:rPr><w:t xml:space="preserve">– </w:t></w:r><w:r><w:rPr><w:rtl w:val="0"/></w:rPr><w:t>easier to get started).</w:t></w:r></w:p><w:p><w:pPr><w:pStyle w:val="Body"/><w:bidi w:val="0"/></w:pPr></w:p><w:p><w:pPr><w:pStyle w:val="Body"/><w:bidi w:val="0"/></w:pPr><w:r><w:rPr><w:rtl w:val="0"/></w:rPr><w:t>Goodreads API for books (or Amazon</w:t></w:r><w:r><w:rPr><w:rtl w:val="1"/></w:rPr><w:t>’</w:t></w:r><w:r><w:rPr><w:rtl w:val="0"/></w:rPr><w:t>s Product Advertising API for books/CDs).</w:t></w:r></w:p><w:p><w:pPr><w:pStyle w:val="Body"/><w:bidi w:val="0"/></w:pPr></w:p><w:p><w:pPr><w:pStyle w:val="Body"/><w:bidi w:val="0"/></w:pPr><w:r><w:rPr><w:rtl w:val="0"/></w:rPr><w:t>Spotify API for discographies.</w:t></w:r></w:p><w:p><w:pPr><w:pStyle w:val="Body"/><w:bidi w:val="0"/></w:pPr></w:p><w:p><w:pPr><w:pStyle w:val="Body"/><w:bidi w:val="0"/></w:pPr><w:r><w:rPr><w:rtl w:val="0"/></w:rPr><w:t>RAWG.io API for video games.</w:t></w:r></w:p><w:p><w:pPr><w:pStyle w:val="Body"/><w:bidi w:val="0"/></w:pPr></w:p><w:p><w:pPr><w:pStyle w:val="Body"/><w:bidi w:val="0"/></w:pPr><w:r><w:rPr><w:rtl w:val="0"/></w:rPr><w:t>Car APIs (if none, we can build manually from Wikipedia/car databases).</w:t></w:r></w:p><w:p><w:pPr><w:pStyle w:val="Body"/><w:bidi w:val="0"/></w:pPr></w:p><w:p><w:pPr><w:pStyle w:val="Body"/><w:bidi w:val="0"/></w:pPr><w:r><w:rPr><w:rFonts w:ascii="Arial Unicode MS" w:cs="Arial Unicode MS" w:hAnsi="Arial Unicode MS" w:eastAsia="Arial Unicode MS" w:hint="eastAsia"/><w:b w:val="0"/><w:bCs w:val="0"/><w:i w:val="0"/><w:iCs w:val="0"/><w:rtl w:val="0"/></w:rPr><w:t>🌐</w:t></w:r><w:r><w:rPr><w:rtl w:val="0"/></w:rPr><w:t xml:space="preserve"> </w:t></w:r><w:r><w:rPr><w:rtl w:val="0"/><w:lang w:val="fr-FR"/></w:rPr><w:t>Frontend</w:t></w:r></w:p><w:p><w:pPr><w:pStyle w:val="Body"/><w:bidi w:val="0"/></w:pPr><w:r><w:rPr><w:rtl w:val="0"/></w:rPr><w:t>Framework: Next.js (React-based; perfect for SEO).</w:t></w:r></w:p><w:p><w:pPr><w:pStyle w:val="Body"/><w:bidi w:val="0"/></w:pPr></w:p><w:p><w:pPr><w:pStyle w:val="Body"/><w:bidi w:val="0"/></w:pPr><w:r><w:rPr><w:rtl w:val="0"/></w:rPr><w:t>Mobile-first design.</w:t></w:r></w:p><w:p><w:pPr><w:pStyle w:val="Body"/><w:bidi w:val="0"/></w:pPr></w:p><w:p><w:pPr><w:pStyle w:val="Body"/><w:bidi w:val="0"/></w:pPr><w:r><w:rPr><w:rtl w:val="0"/></w:rPr><w:t>Filters/sorting (e.g., show MCU movies by timeline or Batman comics by arc).</w:t></w:r></w:p><w:p><w:pPr><w:pStyle w:val="Body"/><w:bidi w:val="0"/></w:pPr></w:p><w:p><w:pPr><w:pStyle w:val="Body"/><w:bidi w:val="0"/></w:pPr><w:r><w:rPr><w:rFonts w:ascii="Arial Unicode MS" w:cs="Arial Unicode MS" w:hAnsi="Arial Unicode MS" w:eastAsia="Arial Unicode MS" w:hint="eastAsia"/><w:b w:val="0"/><w:bCs w:val="0"/><w:i w:val="0"/><w:iCs w:val="0"/><w:rtl w:val="0"/></w:rPr><w:t>💸</w:t></w:r><w:r><w:rPr><w:rtl w:val="0"/></w:rPr><w:t xml:space="preserve"> </w:t></w:r><w:r><w:rPr><w:rtl w:val="0"/></w:rPr><w:t>Step 3: Monetization</w:t></w:r></w:p><w:p><w:pPr><w:pStyle w:val="Body"/><w:bidi w:val="0"/></w:pPr><w:r><w:rPr><w:rFonts w:ascii="Arial Unicode MS" w:cs="Arial Unicode MS" w:hAnsi="Arial Unicode MS" w:eastAsia="Arial Unicode MS" w:hint="default"/><w:b w:val="0"/><w:bCs w:val="0"/><w:i w:val="0"/><w:iCs w:val="0"/><w:rtl w:val="0"/></w:rPr><w:t>✅</w:t></w:r><w:r><w:rPr><w:rtl w:val="0"/></w:rPr><w:t xml:space="preserve"> </w:t></w:r><w:r><w:rPr><w:rtl w:val="0"/></w:rPr><w:t>Amazon UK/US affiliate links for:</w:t></w:r></w:p><w:p><w:pPr><w:pStyle w:val="Body"/><w:bidi w:val="0"/></w:pPr></w:p><w:p><w:pPr><w:pStyle w:val="Body"/><w:bidi w:val="0"/></w:pPr><w:r><w:rPr><w:rtl w:val="0"/></w:rPr><w:t>Books</w:t></w:r></w:p><w:p><w:pPr><w:pStyle w:val="Body"/><w:bidi w:val="0"/></w:pPr></w:p><w:p><w:pPr><w:pStyle w:val="Body"/><w:bidi w:val="0"/></w:pPr><w:r><w:rPr><w:rtl w:val="0"/></w:rPr><w:t>Blu-rays/DVDs</w:t></w:r></w:p><w:p><w:pPr><w:pStyle w:val="Body"/><w:bidi w:val="0"/></w:pPr></w:p><w:p><w:pPr><w:pStyle w:val="Body"/><w:bidi w:val="0"/></w:pPr><w:r><w:rPr><w:rtl w:val="0"/></w:rPr><w:t>Games</w:t></w:r></w:p><w:p><w:pPr><w:pStyle w:val="Body"/><w:bidi w:val="0"/></w:pPr></w:p><w:p><w:pPr><w:pStyle w:val="Body"/><w:bidi w:val="0"/></w:pPr><w:r><w:rPr><w:rtl w:val="0"/></w:rPr><w:t>Box sets</w:t></w:r></w:p><w:p><w:pPr><w:pStyle w:val="Body"/><w:bidi w:val="0"/></w:pPr></w:p><w:p><w:pPr><w:pStyle w:val="Body"/><w:bidi w:val="0"/></w:pPr><w:r><w:rPr><w:rFonts w:ascii="Arial Unicode MS" w:cs="Arial Unicode MS" w:hAnsi="Arial Unicode MS" w:eastAsia="Arial Unicode MS" w:hint="default"/><w:b w:val="0"/><w:bCs w:val="0"/><w:i w:val="0"/><w:iCs w:val="0"/><w:rtl w:val="0"/></w:rPr><w:t>✅</w:t></w:r><w:r><w:rPr><w:rtl w:val="0"/></w:rPr><w:t xml:space="preserve"> </w:t></w:r><w:r><w:rPr><w:rtl w:val="0"/></w:rPr><w:t>Spotify/iTunes affiliate for music.</w:t></w:r></w:p><w:p><w:pPr><w:pStyle w:val="Body"/><w:bidi w:val="0"/></w:pPr></w:p><w:p><w:pPr><w:pStyle w:val="Body"/><w:bidi w:val="0"/></w:pPr><w:r><w:rPr><w:rFonts w:ascii="Arial Unicode MS" w:cs="Arial Unicode MS" w:hAnsi="Arial Unicode MS" w:eastAsia="Arial Unicode MS" w:hint="default"/><w:b w:val="0"/><w:bCs w:val="0"/><w:i w:val="0"/><w:iCs w:val="0"/><w:rtl w:val="0"/></w:rPr><w:t>✅</w:t></w:r><w:r><w:rPr><w:rtl w:val="0"/></w:rPr><w:t xml:space="preserve"> </w:t></w:r><w:r><w:rPr><w:rtl w:val="0"/></w:rPr><w:t>Car sponsorships for enthusiast content (e.g., Porsche or Toyota parts shops).</w:t></w:r></w:p><w:p><w:pPr><w:pStyle w:val="Body"/><w:bidi w:val="0"/></w:pPr></w:p><w:p><w:pPr><w:pStyle w:val="Body"/><w:bidi w:val="0"/></w:pPr><w:r><w:rPr><w:rFonts w:ascii="Arial Unicode MS" w:cs="Arial Unicode MS" w:hAnsi="Arial Unicode MS" w:eastAsia="Arial Unicode MS" w:hint="default"/><w:b w:val="0"/><w:bCs w:val="0"/><w:i w:val="0"/><w:iCs w:val="0"/><w:rtl w:val="0"/></w:rPr><w:t>✅</w:t></w:r><w:r><w:rPr><w:rtl w:val="0"/></w:rPr><w:t xml:space="preserve"> </w:t></w:r><w:r><w:rPr><w:rtl w:val="0"/></w:rPr><w:t>Long-term: Memberships for premium features like:</w:t></w:r></w:p><w:p><w:pPr><w:pStyle w:val="Body"/><w:bidi w:val="0"/></w:pPr></w:p><w:p><w:pPr><w:pStyle w:val="Body"/><w:bidi w:val="0"/></w:pPr><w:r><w:rPr><w:rtl w:val="1"/><w:lang w:val="ar-SA" w:bidi="ar-SA"/></w:rPr><w:t>“</w:t></w:r><w:r><w:rPr><w:rtl w:val="0"/></w:rPr><w:t>Checklist Mode</w:t></w:r><w:r><w:rPr><w:rtl w:val="0"/></w:rPr><w:t xml:space="preserve">” </w:t></w:r><w:r><w:rPr><w:rtl w:val="0"/></w:rPr><w:t>(track what you</w:t></w:r><w:r><w:rPr><w:rtl w:val="1"/></w:rPr><w:t>’</w:t></w:r><w:r><w:rPr><w:rtl w:val="0"/></w:rPr><w:t>ve watched/read).</w:t></w:r></w:p><w:p><w:pPr><w:pStyle w:val="Body"/><w:bidi w:val="0"/></w:pPr></w:p><w:p><w:pPr><w:pStyle w:val="Body"/><w:bidi w:val="0"/></w:pPr><w:r><w:rPr><w:rtl w:val="0"/></w:rPr><w:t xml:space="preserve">Customizable orders (e.g., </w:t></w:r><w:r><w:rPr><w:rtl w:val="1"/><w:lang w:val="ar-SA" w:bidi="ar-SA"/></w:rPr><w:t>“</w:t></w:r><w:r><w:rPr><w:rtl w:val="0"/></w:rPr><w:t>my anime watchlist in correct order</w:t></w:r><w:r><w:rPr><w:rtl w:val="0"/></w:rPr><w:t>”</w:t></w:r><w:r><w:rPr><w:rtl w:val="0"/></w:rPr><w:t>).</w:t></w:r></w:p><w:p><w:pPr><w:pStyle w:val="Body"/><w:bidi w:val="0"/></w:pPr></w:p><w:p><w:pPr><w:pStyle w:val="Body"/><w:bidi w:val="0"/></w:pPr><w:r><w:rPr><w:rFonts w:ascii="Arial Unicode MS" w:cs="Arial Unicode MS" w:hAnsi="Arial Unicode MS" w:eastAsia="Arial Unicode MS" w:hint="eastAsia"/><w:b w:val="0"/><w:bCs w:val="0"/><w:i w:val="0"/><w:iCs w:val="0"/><w:rtl w:val="0"/></w:rPr><w:t>🛠</w:t></w:r><w:r><w:rPr><w:rFonts w:ascii="Arial Unicode MS" w:cs="Arial Unicode MS" w:hAnsi="Arial Unicode MS" w:eastAsia="Arial Unicode MS"/><w:b w:val="0"/><w:bCs w:val="0"/><w:i w:val="0"/><w:iCs w:val="0"/><w:rtl w:val="0"/></w:rPr><w:t>️</w:t></w:r><w:r><w:rPr><w:rtl w:val="0"/></w:rPr><w:t xml:space="preserve"> Step 4: MVP (Minimum Viable Product)</w:t></w:r></w:p><w:p><w:pPr><w:pStyle w:val="Body"/><w:bidi w:val="0"/></w:pPr><w:r><w:rPr><w:rFonts w:ascii="Arial Unicode MS" w:cs="Arial Unicode MS" w:hAnsi="Arial Unicode MS" w:eastAsia="Arial Unicode MS" w:hint="default"/><w:b w:val="0"/><w:bCs w:val="0"/><w:i w:val="0"/><w:iCs w:val="0"/><w:rtl w:val="0"/></w:rPr><w:t>⚡</w:t></w:r><w:r><w:rPr><w:rtl w:val="0"/></w:rPr><w:t xml:space="preserve"> </w:t></w:r><w:r><w:rPr><w:rtl w:val="0"/></w:rPr><w:t>Launch Goal: &quot;Correct order for books, movies &amp; series&quot;</w:t></w:r></w:p><w:p><w:pPr><w:pStyle w:val="Body"/><w:bidi w:val="0"/></w:pPr><w:r><w:rPr><w:rtl w:val="0"/></w:rPr><w:t>Landing page with categories.</w:t></w:r></w:p><w:p><w:pPr><w:pStyle w:val="Body"/><w:bidi w:val="0"/></w:pPr></w:p><w:p><w:pPr><w:pStyle w:val="Body"/><w:bidi w:val="0"/></w:pPr><w:r><w:rPr><w:rtl w:val="0"/></w:rPr><w:t>Search bar for titles/franchises.</w:t></w:r></w:p><w:p><w:pPr><w:pStyle w:val="Body"/><w:bidi w:val="0"/></w:pPr></w:p><w:p><w:pPr><w:pStyle w:val="Body"/><w:bidi w:val="0"/></w:pPr><w:r><w:rPr><w:rtl w:val="0"/></w:rPr><w:t>Auto-generated pages for popular franchises:</w:t></w:r></w:p><w:p><w:pPr><w:pStyle w:val="Body"/><w:bidi w:val="0"/></w:pPr></w:p><w:p><w:pPr><w:pStyle w:val="Body"/><w:bidi w:val="0"/></w:pPr><w:r><w:rPr><w:rtl w:val="0"/></w:rPr><w:t>Harry Potter reading order.</w:t></w:r></w:p><w:p><w:pPr><w:pStyle w:val="Body"/><w:bidi w:val="0"/></w:pPr></w:p><w:p><w:pPr><w:pStyle w:val="Body"/><w:bidi w:val="0"/></w:pPr><w:r><w:rPr><w:rtl w:val="0"/></w:rPr><w:t>Marvel movies in timeline order.</w:t></w:r></w:p><w:p><w:pPr><w:pStyle w:val="Body"/><w:bidi w:val="0"/></w:pPr></w:p><w:p><w:pPr><w:pStyle w:val="Body"/><w:bidi w:val="0"/></w:pPr><w:r><w:rPr><w:rtl w:val="0"/></w:rPr><w:t>Legend of Zelda game order.</w:t></w:r></w:p><w:p><w:pPr><w:pStyle w:val="Body"/><w:bidi w:val="0"/></w:pPr></w:p><w:p><w:pPr><w:pStyle w:val="Body"/><w:bidi w:val="0"/></w:pPr><w:r><w:rPr><w:rtl w:val="0"/></w:rPr><w:t>Affiliate buttons under each item.</w:t></w:r></w:p><w:p><w:pPr><w:pStyle w:val="Body"/><w:bidi w:val="0"/></w:pPr><w:r><w:rPr><w:rFonts w:ascii="Arial Unicode MS" w:cs="Arial Unicode MS" w:hAnsi="Arial Unicode MS" w:eastAsia="Arial Unicode MS" w:hint="eastAsia"/><w:b w:val="0"/><w:bCs w:val="0"/><w:i w:val="0"/><w:iCs w:val="0"/><w:rtl w:val="0"/></w:rPr><w:t>🏗</w:t></w:r><w:r><w:rPr><w:rtl w:val="0"/></w:rPr><w:t xml:space="preserve"> </w:t></w:r><w:r><w:rPr><w:rtl w:val="0"/></w:rPr><w:t>Step 1: Wireframes (Homepage &amp; Franchise Page)</w:t></w:r></w:p><w:p><w:pPr><w:pStyle w:val="Body"/><w:bidi w:val="0"/></w:pPr><w:r><w:rPr><w:rtl w:val="0"/></w:rPr><w:t>This will define how the site looks/feels.</w:t></w:r></w:p><w:p><w:pPr><w:pStyle w:val="Body"/><w:bidi w:val="0"/></w:pPr></w:p><w:p><w:pPr><w:pStyle w:val="Body"/><w:bidi w:val="0"/></w:pPr><w:r><w:rPr><w:rFonts w:ascii="Arial Unicode MS" w:cs="Arial Unicode MS" w:hAnsi="Arial Unicode MS" w:eastAsia="Arial Unicode MS" w:hint="eastAsia"/><w:b w:val="0"/><w:bCs w:val="0"/><w:i w:val="0"/><w:iCs w:val="0"/><w:rtl w:val="0"/></w:rPr><w:t>🌐</w:t></w:r><w:r><w:rPr><w:rtl w:val="0"/></w:rPr><w:t xml:space="preserve"> </w:t></w:r><w:r><w:rPr><w:rtl w:val="0"/></w:rPr><w:t>Homepage Sections:</w:t></w:r></w:p><w:p><w:pPr><w:pStyle w:val="Body"/><w:bidi w:val="0"/></w:pPr><w:r><w:rPr><w:rtl w:val="0"/></w:rPr><w:t>Header</w:t></w:r></w:p><w:p><w:pPr><w:pStyle w:val="Body"/><w:bidi w:val="0"/></w:pPr></w:p><w:p><w:pPr><w:pStyle w:val="Body"/><w:bidi w:val="0"/></w:pPr><w:r><w:rPr><w:rtl w:val="0"/><w:lang w:val="it-IT"/></w:rPr><w:t>Logo + Navigation</w:t></w:r></w:p><w:p><w:pPr><w:pStyle w:val="Body"/><w:bidi w:val="0"/></w:pPr></w:p><w:p><w:pPr><w:pStyle w:val="Body"/><w:bidi w:val="0"/></w:pPr><w:r><w:rPr><w:rtl w:val="0"/></w:rPr><w:t>Categories: Books, Movies, Series, Anime, Games, Music, Cars</w:t></w:r></w:p><w:p><w:pPr><w:pStyle w:val="Body"/><w:bidi w:val="0"/></w:pPr></w:p><w:p><w:pPr><w:pStyle w:val="Body"/><w:bidi w:val="0"/></w:pPr><w:r><w:rPr><w:rtl w:val="0"/></w:rPr><w:t xml:space="preserve">Search bar: </w:t></w:r><w:r><w:rPr><w:rtl w:val="1"/><w:lang w:val="ar-SA" w:bidi="ar-SA"/></w:rPr><w:t>“</w:t></w:r><w:r><w:rPr><w:rtl w:val="0"/></w:rPr><w:t>Find the order of any franchise</w:t></w:r><w:r><w:rPr><w:rtl w:val="0"/></w:rPr><w:t>…”</w:t></w:r></w:p><w:p><w:pPr><w:pStyle w:val="Body"/><w:bidi w:val="0"/></w:pPr></w:p><w:p><w:pPr><w:pStyle w:val="Body"/><w:bidi w:val="0"/></w:pPr><w:r><w:rPr><w:rtl w:val="0"/></w:rPr><w:t>Featured Orders</w:t></w:r></w:p><w:p><w:pPr><w:pStyle w:val="Body"/><w:bidi w:val="0"/></w:pPr></w:p><w:p><w:pPr><w:pStyle w:val="Body"/><w:bidi w:val="0"/></w:pPr><w:r><w:rPr><w:rtl w:val="1"/><w:lang w:val="ar-SA" w:bidi="ar-SA"/></w:rPr><w:t>“</w:t></w:r><w:r><w:rPr><w:rtl w:val="0"/></w:rPr><w:t>Popular Right Now</w:t></w:r><w:r><w:rPr><w:rtl w:val="0"/></w:rPr><w:t>”</w:t></w:r><w:r><w:rPr><w:rtl w:val="0"/><w:lang w:val="de-DE"/></w:rPr><w:t>: MCU, Zelda, Star Wars</w:t></w:r></w:p><w:p><w:pPr><w:pStyle w:val="Body"/><w:bidi w:val="0"/></w:pPr></w:p><w:p><w:pPr><w:pStyle w:val="Body"/><w:bidi w:val="0"/></w:pPr><w:r><w:rPr><w:rtl w:val="0"/></w:rPr><w:t>Category Tiles</w:t></w:r></w:p><w:p><w:pPr><w:pStyle w:val="Body"/><w:bidi w:val="0"/></w:pPr></w:p><w:p><w:pPr><w:pStyle w:val="Body"/><w:bidi w:val="0"/></w:pPr><w:r><w:rPr><w:rtl w:val="0"/></w:rPr><w:t xml:space="preserve">Books </w:t></w:r><w:r><w:rPr><w:rFonts w:ascii="Arial Unicode MS" w:cs="Arial Unicode MS" w:hAnsi="Arial Unicode MS" w:eastAsia="Arial Unicode MS" w:hint="eastAsia"/><w:b w:val="0"/><w:bCs w:val="0"/><w:i w:val="0"/><w:iCs w:val="0"/><w:rtl w:val="0"/></w:rPr><w:t>📚</w:t></w:r></w:p><w:p><w:pPr><w:pStyle w:val="Body"/><w:bidi w:val="0"/></w:pPr></w:p><w:p><w:pPr><w:pStyle w:val="Body"/><w:bidi w:val="0"/></w:pPr><w:r><w:rPr><w:rtl w:val="0"/></w:rPr><w:t xml:space="preserve">Movies </w:t></w:r><w:r><w:rPr><w:rFonts w:ascii="Arial Unicode MS" w:cs="Arial Unicode MS" w:hAnsi="Arial Unicode MS" w:eastAsia="Arial Unicode MS" w:hint="eastAsia"/><w:b w:val="0"/><w:bCs w:val="0"/><w:i w:val="0"/><w:iCs w:val="0"/><w:rtl w:val="0"/></w:rPr><w:t>🎬</w:t></w:r></w:p><w:p><w:pPr><w:pStyle w:val="Body"/><w:bidi w:val="0"/></w:pPr></w:p><w:p><w:pPr><w:pStyle w:val="Body"/><w:bidi w:val="0"/></w:pPr><w:r><w:rPr><w:rtl w:val="0"/></w:rPr><w:t xml:space="preserve">Anime </w:t></w:r><w:r><w:rPr><w:rFonts w:ascii="Arial Unicode MS" w:cs="Arial Unicode MS" w:hAnsi="Arial Unicode MS" w:eastAsia="Arial Unicode MS" w:hint="default"/><w:b w:val="0"/><w:bCs w:val="0"/><w:i w:val="0"/><w:iCs w:val="0"/><w:rtl w:val="0"/></w:rPr><w:t>✨</w:t></w:r></w:p><w:p><w:pPr><w:pStyle w:val="Body"/><w:bidi w:val="0"/></w:pPr></w:p><w:p><w:pPr><w:pStyle w:val="Body"/><w:bidi w:val="0"/></w:pPr><w:r><w:rPr><w:rtl w:val="0"/></w:rPr><w:t xml:space="preserve">Games </w:t></w:r><w:r><w:rPr><w:rFonts w:ascii="Arial Unicode MS" w:cs="Arial Unicode MS" w:hAnsi="Arial Unicode MS" w:eastAsia="Arial Unicode MS" w:hint="eastAsia"/><w:b w:val="0"/><w:bCs w:val="0"/><w:i w:val="0"/><w:iCs w:val="0"/><w:rtl w:val="0"/></w:rPr><w:t>🎮</w:t></w:r></w:p><w:p><w:pPr><w:pStyle w:val="Body"/><w:bidi w:val="0"/></w:pPr></w:p><w:p><w:pPr><w:pStyle w:val="Body"/><w:bidi w:val="0"/></w:pPr><w:r><w:rPr><w:rtl w:val="0"/></w:rPr><w:t xml:space="preserve">Music </w:t></w:r><w:r><w:rPr><w:rFonts w:ascii="Arial Unicode MS" w:cs="Arial Unicode MS" w:hAnsi="Arial Unicode MS" w:eastAsia="Arial Unicode MS" w:hint="eastAsia"/><w:b w:val="0"/><w:bCs w:val="0"/><w:i w:val="0"/><w:iCs w:val="0"/><w:rtl w:val="0"/></w:rPr><w:t>🎵</w:t></w:r></w:p><w:p><w:pPr><w:pStyle w:val="Body"/><w:bidi w:val="0"/></w:pPr></w:p><w:p><w:pPr><w:pStyle w:val="Body"/><w:bidi w:val="0"/></w:pPr><w:r><w:rPr><w:rtl w:val="0"/></w:rPr><w:t xml:space="preserve">Cars </w:t></w:r><w:r><w:rPr><w:rFonts w:ascii="Arial Unicode MS" w:cs="Arial Unicode MS" w:hAnsi="Arial Unicode MS" w:eastAsia="Arial Unicode MS" w:hint="eastAsia"/><w:b w:val="0"/><w:bCs w:val="0"/><w:i w:val="0"/><w:iCs w:val="0"/><w:rtl w:val="0"/></w:rPr><w:t>🚗</w:t></w:r></w:p><w:p><w:pPr><w:pStyle w:val="Body"/><w:bidi w:val="0"/></w:pPr></w:p><w:p><w:pPr><w:pStyle w:val="Body"/><w:bidi w:val="0"/></w:pPr><w:r><w:rPr><w:rtl w:val="0"/></w:rPr><w:t>Call to Action</w:t></w:r></w:p><w:p><w:pPr><w:pStyle w:val="Body"/><w:bidi w:val="0"/></w:pPr></w:p><w:p><w:pPr><w:pStyle w:val="Body"/><w:bidi w:val="0"/></w:pPr><w:r><w:rPr><w:rtl w:val="1"/><w:lang w:val="ar-SA" w:bidi="ar-SA"/></w:rPr><w:t>“</w:t></w:r><w:r><w:rPr><w:rtl w:val="0"/></w:rPr><w:t>Want to know where to start? Search now!</w:t></w:r><w:r><w:rPr><w:rtl w:val="0"/></w:rPr><w:t>”</w:t></w:r></w:p><w:p><w:pPr><w:pStyle w:val="Body"/><w:bidi w:val="0"/></w:pPr></w:p><w:p><w:pPr><w:pStyle w:val="Body"/><w:bidi w:val="0"/></w:pPr><w:r><w:rPr><w:rFonts w:ascii="Arial Unicode MS" w:cs="Arial Unicode MS" w:hAnsi="Arial Unicode MS" w:eastAsia="Arial Unicode MS" w:hint="eastAsia"/><w:b w:val="0"/><w:bCs w:val="0"/><w:i w:val="0"/><w:iCs w:val="0"/><w:rtl w:val="0"/></w:rPr><w:t>📄</w:t></w:r><w:r><w:rPr><w:rtl w:val="0"/></w:rPr><w:t xml:space="preserve"> </w:t></w:r><w:r><w:rPr><w:rtl w:val="0"/></w:rPr><w:t>Franchise Page (Template)</w:t></w:r></w:p><w:p><w:pPr><w:pStyle w:val="Body"/><w:bidi w:val="0"/></w:pPr><w:r><w:rPr><w:rtl w:val="0"/></w:rPr><w:t>Example: Harry Potter Reading Order</w:t></w:r></w:p><w:p><w:pPr><w:pStyle w:val="Body"/><w:bidi w:val="0"/></w:pPr></w:p><w:p><w:pPr><w:pStyle w:val="Body"/><w:bidi w:val="0"/></w:pPr><w:r><w:rPr><w:rtl w:val="0"/></w:rPr><w:t xml:space="preserve">Title: Harry Potter </w:t></w:r><w:r><w:rPr><w:rtl w:val="0"/></w:rPr><w:t xml:space="preserve">– </w:t></w:r><w:r><w:rPr><w:rtl w:val="0"/></w:rPr><w:t>The Complete Reading Order</w:t></w:r></w:p><w:p><w:pPr><w:pStyle w:val="Body"/><w:bidi w:val="0"/></w:pPr></w:p><w:p><w:pPr><w:pStyle w:val="Body"/><w:bidi w:val="0"/></w:pPr><w:r><w:rPr><w:rtl w:val="0"/></w:rPr><w:t>Brief Description: Confused where to start? Here</w:t></w:r><w:r><w:rPr><w:rtl w:val="1"/></w:rPr><w:t>’</w:t></w:r><w:r><w:rPr><w:rtl w:val="0"/></w:rPr><w:t>s the release order and chronological timeline.</w:t></w:r></w:p><w:p><w:pPr><w:pStyle w:val="Body"/><w:bidi w:val="0"/></w:pPr></w:p><w:p><w:pPr><w:pStyle w:val="Body"/><w:bidi w:val="0"/></w:pPr><w:r><w:rPr><w:rtl w:val="0"/></w:rPr><w:t>Two Tabs:</w:t></w:r></w:p><w:p><w:pPr><w:pStyle w:val="Body"/><w:bidi w:val="0"/></w:pPr></w:p><w:p><w:pPr><w:pStyle w:val="Body"/><w:bidi w:val="0"/></w:pPr><w:r><w:rPr><w:rtl w:val="0"/></w:rPr><w:t>Release Order</w:t></w:r></w:p><w:p><w:pPr><w:pStyle w:val="Body"/><w:bidi w:val="0"/></w:pPr></w:p><w:p><w:pPr><w:pStyle w:val="Body"/><w:bidi w:val="0"/></w:pPr><w:r><w:rPr><w:rtl w:val="0"/></w:rPr><w:t>Chronological Order</w:t></w:r></w:p><w:p><w:pPr><w:pStyle w:val="Body"/><w:bidi w:val="0"/></w:pPr></w:p><w:p><w:pPr><w:pStyle w:val="Body"/><w:bidi w:val="0"/></w:pPr><w:r><w:rPr><w:rtl w:val="0"/></w:rPr><w:t>List of items:</w:t></w:r></w:p><w:p><w:pPr><w:pStyle w:val="Body"/><w:bidi w:val="0"/></w:pPr></w:p><w:p><w:pPr><w:pStyle w:val="Body"/><w:bidi w:val="0"/></w:pPr><w:r><w:rPr><w:rFonts w:ascii="Arial Unicode MS" w:cs="Arial Unicode MS" w:hAnsi="Arial Unicode MS" w:eastAsia="Arial Unicode MS" w:hint="default"/><w:b w:val="0"/><w:bCs w:val="0"/><w:i w:val="0"/><w:iCs w:val="0"/><w:rtl w:val="0"/></w:rPr><w:t>✅</w:t></w:r><w:r><w:rPr><w:rtl w:val="0"/></w:rPr><w:t xml:space="preserve"> </w:t></w:r><w:r><w:rPr><w:rtl w:val="0"/></w:rPr><w:t>Harry Potter and the Philosopher</w:t></w:r><w:r><w:rPr><w:rtl w:val="1"/></w:rPr><w:t>’</w:t></w:r><w:r><w:rPr><w:rtl w:val="0"/></w:rPr><w:t>s Stone [</w:t></w:r><w:r><w:rPr><w:rFonts w:ascii="Arial Unicode MS" w:cs="Arial Unicode MS" w:hAnsi="Arial Unicode MS" w:eastAsia="Arial Unicode MS" w:hint="eastAsia"/><w:b w:val="0"/><w:bCs w:val="0"/><w:i w:val="0"/><w:iCs w:val="0"/><w:rtl w:val="0"/></w:rPr><w:t>📖</w:t></w:r><w:r><w:rPr><w:rtl w:val="0"/></w:rPr><w:t xml:space="preserve"> </w:t></w:r><w:r><w:rPr><w:rtl w:val="0"/></w:rPr><w:t>Amazon UK] [</w:t></w:r><w:r><w:rPr><w:rFonts w:ascii="Arial Unicode MS" w:cs="Arial Unicode MS" w:hAnsi="Arial Unicode MS" w:eastAsia="Arial Unicode MS" w:hint="eastAsia"/><w:b w:val="0"/><w:bCs w:val="0"/><w:i w:val="0"/><w:iCs w:val="0"/><w:rtl w:val="0"/></w:rPr><w:t>📖</w:t></w:r><w:r><w:rPr><w:rtl w:val="0"/></w:rPr><w:t xml:space="preserve"> </w:t></w:r><w:r><w:rPr><w:rtl w:val="0"/><w:lang w:val="de-DE"/></w:rPr><w:t>Amazon US]</w:t></w:r></w:p><w:p><w:pPr><w:pStyle w:val="Body"/><w:bidi w:val="0"/></w:pPr></w:p><w:p><w:pPr><w:pStyle w:val="Body"/><w:bidi w:val="0"/></w:pPr><w:r><w:rPr><w:rFonts w:ascii="Arial Unicode MS" w:cs="Arial Unicode MS" w:hAnsi="Arial Unicode MS" w:eastAsia="Arial Unicode MS" w:hint="default"/><w:b w:val="0"/><w:bCs w:val="0"/><w:i w:val="0"/><w:iCs w:val="0"/><w:rtl w:val="0"/></w:rPr><w:t>✅</w:t></w:r><w:r><w:rPr><w:rtl w:val="0"/></w:rPr><w:t xml:space="preserve"> </w:t></w:r><w:r><w:rPr><w:rtl w:val="0"/></w:rPr><w:t xml:space="preserve">Harry Potter and the Chamber of Secrets </w:t></w:r><w:r><w:rPr><w:rtl w:val="0"/></w:rPr><w:t>…</w:t></w:r></w:p><w:p><w:pPr><w:pStyle w:val="Body"/><w:bidi w:val="0"/></w:pPr></w:p><w:p><w:pPr><w:pStyle w:val="Body"/><w:bidi w:val="0"/></w:pPr><w:r><w:rPr><w:rtl w:val="0"/><w:lang w:val="it-IT"/></w:rPr><w:t>Affiliate Buttons</w:t></w:r></w:p><w:p><w:pPr><w:pStyle w:val="Body"/><w:bidi w:val="0"/></w:pPr></w:p><w:p><w:pPr><w:pStyle w:val="Body"/><w:bidi w:val="0"/></w:pPr><w:r><w:rPr><w:rtl w:val="0"/></w:rPr><w:t>Sidebar: Related Orders (e.g., Fantastic Beasts Viewing Order)</w:t></w:r></w:p><w:p><w:pPr><w:pStyle w:val="Body"/><w:bidi w:val="0"/></w:pPr></w:p><w:p><w:pPr><w:pStyle w:val="Body"/><w:bidi w:val="0"/></w:pPr><w:r><w:rPr><w:rFonts w:ascii="Arial Unicode MS" w:cs="Arial Unicode MS" w:hAnsi="Arial Unicode MS" w:eastAsia="Arial Unicode MS" w:hint="eastAsia"/><w:b w:val="0"/><w:bCs w:val="0"/><w:i w:val="0"/><w:iCs w:val="0"/><w:rtl w:val="0"/></w:rPr><w:t>🖌</w:t></w:r><w:r><w:rPr><w:rtl w:val="0"/></w:rPr><w:t xml:space="preserve"> </w:t></w:r><w:r><w:rPr><w:rtl w:val="0"/></w:rPr><w:t>Step 2: Branding &amp; Logo</w:t></w:r></w:p><w:p><w:pPr><w:pStyle w:val="Body"/><w:bidi w:val="0"/></w:pPr><w:r><w:rPr><w:rtl w:val="0"/></w:rPr><w:t>Clean, minimalist design to appeal to all demographics.</w:t></w:r></w:p><w:p><w:pPr><w:pStyle w:val="Body"/><w:bidi w:val="0"/></w:pPr></w:p><w:p><w:pPr><w:pStyle w:val="Body"/><w:bidi w:val="0"/></w:pPr><w:r><w:rPr><w:rtl w:val="0"/><w:lang w:val="pt-PT"/></w:rPr><w:t>Logo Concepts:</w:t></w:r></w:p><w:p><w:pPr><w:pStyle w:val="Body"/><w:bidi w:val="0"/></w:pPr></w:p><w:p><w:pPr><w:pStyle w:val="Body"/><w:bidi w:val="0"/></w:pPr><w:r><w:rPr><w:rtl w:val="1"/><w:lang w:val="ar-SA" w:bidi="ar-SA"/></w:rPr><w:t>“</w:t></w:r><w:r><w:rPr><w:rtl w:val="0"/></w:rPr><w:t>OrderOf</w:t></w:r><w:r><w:rPr><w:rtl w:val="0"/></w:rPr><w:t xml:space="preserve">” </w:t></w:r><w:r><w:rPr><w:rtl w:val="0"/></w:rPr><w:t xml:space="preserve">in bold modern font with a stacked line icon </w:t></w:r><w:r><w:rPr><w:rFonts w:ascii="Arial Unicode MS" w:cs="Arial Unicode MS" w:hAnsi="Arial Unicode MS" w:eastAsia="Arial Unicode MS" w:hint="eastAsia"/><w:b w:val="0"/><w:bCs w:val="0"/><w:i w:val="0"/><w:iCs w:val="0"/><w:rtl w:val="0"/></w:rPr><w:t>📑</w:t></w:r><w:r><w:rPr><w:rtl w:val="0"/></w:rPr><w:t>.</w:t></w:r></w:p><w:p><w:pPr><w:pStyle w:val="Body"/><w:bidi w:val="0"/></w:pPr></w:p><w:p><w:pPr><w:pStyle w:val="Body"/><w:bidi w:val="0"/></w:pPr><w:r><w:rPr><w:rtl w:val="0"/></w:rPr><w:t>Circular emblem with arrows looping (suggesting sequence).</w:t></w:r></w:p><w:p><w:pPr><w:pStyle w:val="Body"/><w:bidi w:val="0"/></w:pPr></w:p><w:p><w:pPr><w:pStyle w:val="Body"/><w:bidi w:val="0"/></w:pPr><w:r><w:rPr><w:rtl w:val="0"/></w:rPr><w:t xml:space="preserve">Monogram </w:t></w:r><w:r><w:rPr><w:rtl w:val="1"/><w:lang w:val="ar-SA" w:bidi="ar-SA"/></w:rPr><w:t>“</w:t></w:r><w:r><w:rPr><w:rtl w:val="0"/></w:rPr><w:t>O|O</w:t></w:r><w:r><w:rPr><w:rtl w:val="0"/></w:rPr><w:t xml:space="preserve">” </w:t></w:r><w:r><w:rPr><w:rtl w:val="0"/></w:rPr><w:t>representing Order Of.</w:t></w:r></w:p><w:p><w:pPr><w:pStyle w:val="Body"/><w:bidi w:val="0"/></w:pPr></w:p><w:p><w:pPr><w:pStyle w:val="Body"/><w:bidi w:val="0"/></w:pPr></w:p><w:p><w:pPr><w:pStyle w:val="Default"/><w:bidi w:val="0"/><w:spacing w:before="0" w:after="240" w:line="240" w:lineRule="auto"/><w:ind w:left="0" w:right="0" w:firstLine="0"/><w:jc w:val="left"/><w:rPr><w:rFonts w:ascii="Times Roman" w:cs="Times Roman" w:hAnsi="Times Roman" w:eastAsia="Times Roman"/><w:b w:val="0"/><w:bCs w:val="0"/><w:rtl w:val="0"/></w:rPr></w:pPr><w:r><w:rPr><w:rFonts w:ascii="Arial Unicode MS" w:cs="Arial Unicode MS" w:hAnsi="Arial Unicode MS" w:eastAsia="Arial Unicode MS" w:hint="default"/><w:b w:val="0"/><w:bCs w:val="0"/><w:i w:val="0"/><w:iCs w:val="0"/><w:rtl w:val="0"/></w:rPr><w:t>✅</w:t></w:r><w:r><w:rPr><w:rFonts w:ascii="Times Roman" w:hAnsi="Times Roman"/><w:b w:val="0"/><w:bCs w:val="0"/><w:rtl w:val="0"/></w:rPr><w:t xml:space="preserve"> </w:t></w:r><w:r><w:rPr><w:rFonts w:ascii="Times Roman" w:hAnsi="Times Roman"/><w:b w:val="1"/><w:bCs w:val="1"/><w:rtl w:val="0"/><w:lang w:val="en-US"/></w:rPr><w:t>Movies/Series</w:t></w:r></w:p><w:p><w:pPr><w:pStyle w:val="Default"/><w:numPr><w:ilvl w:val="0"/><w:numId w:val="2"/></w:numPr><w:bidi w:val="0"/><w:spacing w:before="0" w:after="240" w:line="240" w:lineRule="auto"/><w:ind w:right="0"/><w:jc w:val="left"/><w:rPr><w:rFonts w:ascii="Times Roman" w:hAnsi="Times Roman"/><w:rtl w:val="0"/><w:lang w:val="en-US"/></w:rPr></w:pPr><w:r><w:rPr><w:rFonts w:ascii="Times Roman" w:hAnsi="Times Roman"/><w:rtl w:val="0"/><w:lang w:val="en-US"/></w:rPr><w:t>TMDb API (Free &amp; easy to use)</w:t></w:r><w:r><w:rPr><w:rFonts w:ascii="Times Roman" w:cs="Times Roman" w:hAnsi="Times Roman" w:eastAsia="Times Roman"/><w:rtl w:val="0"/></w:rPr><w:br w:type="textWrapping"/></w:r><w:r><w:rPr><w:rFonts w:ascii="Arial Unicode MS" w:cs="Arial Unicode MS" w:hAnsi="Arial Unicode MS" w:eastAsia="Arial Unicode MS" w:hint="default"/><w:b w:val="0"/><w:bCs w:val="0"/><w:i w:val="0"/><w:iCs w:val="0"/><w:rtl w:val="0"/></w:rPr><w:t>✅</w:t></w:r><w:r><w:rPr><w:rFonts w:ascii="Times Roman" w:hAnsi="Times Roman"/><w:rtl w:val="0"/></w:rPr><w:t xml:space="preserve"> </w:t></w:r><w:r><w:rPr><w:rFonts w:ascii="Times Roman" w:hAnsi="Times Roman"/><w:b w:val="1"/><w:bCs w:val="1"/><w:rtl w:val="0"/><w:lang w:val="en-US"/></w:rPr><w:t>Books</w:t></w:r></w:p><w:p><w:pPr><w:pStyle w:val="Default"/><w:numPr><w:ilvl w:val="0"/><w:numId w:val="2"/></w:numPr><w:bidi w:val="0"/><w:spacing w:before="0" w:after="240" w:line="240" w:lineRule="auto"/><w:ind w:right="0"/><w:jc w:val="left"/><w:rPr><w:rFonts w:ascii="Times Roman" w:hAnsi="Times Roman"/><w:rtl w:val="0"/><w:lang w:val="en-US"/></w:rPr></w:pPr><w:r><w:rPr><w:rFonts w:ascii="Times Roman" w:hAnsi="Times Roman"/><w:rtl w:val="0"/><w:lang w:val="en-US"/></w:rPr><w:t>Goodreads API (or scrape Amazon Book data via Affiliate API)</w:t></w:r><w:r><w:rPr><w:rFonts w:ascii="Times Roman" w:cs="Times Roman" w:hAnsi="Times Roman" w:eastAsia="Times Roman"/><w:rtl w:val="0"/></w:rPr><w:br w:type="textWrapping"/></w:r><w:r><w:rPr><w:rFonts w:ascii="Arial Unicode MS" w:cs="Arial Unicode MS" w:hAnsi="Arial Unicode MS" w:eastAsia="Arial Unicode MS" w:hint="default"/><w:b w:val="0"/><w:bCs w:val="0"/><w:i w:val="0"/><w:iCs w:val="0"/><w:rtl w:val="0"/></w:rPr><w:t>✅</w:t></w:r><w:r><w:rPr><w:rFonts w:ascii="Times Roman" w:hAnsi="Times Roman"/><w:rtl w:val="0"/></w:rPr><w:t xml:space="preserve"> </w:t></w:r><w:r><w:rPr><w:rFonts w:ascii="Times Roman" w:hAnsi="Times Roman"/><w:b w:val="1"/><w:bCs w:val="1"/><w:rtl w:val="0"/></w:rPr><w:t>Games</w:t></w:r></w:p><w:p><w:pPr><w:pStyle w:val="Default"/><w:numPr><w:ilvl w:val="0"/><w:numId w:val="2"/></w:numPr><w:bidi w:val="0"/><w:spacing w:before="0" w:after="240" w:line="240" w:lineRule="auto"/><w:ind w:right="0"/><w:jc w:val="left"/><w:rPr><w:rFonts w:ascii="Times Roman" w:hAnsi="Times Roman"/><w:rtl w:val="0"/><w:lang w:val="en-US"/></w:rPr></w:pPr><w:r><w:rPr><w:rFonts w:ascii="Times Roman" w:hAnsi="Times Roman"/><w:rtl w:val="0"/><w:lang w:val="en-US"/></w:rPr><w:t>RAWG.io API (massive games database)</w:t></w:r><w:r><w:rPr><w:rFonts w:ascii="Times Roman" w:cs="Times Roman" w:hAnsi="Times Roman" w:eastAsia="Times Roman"/><w:rtl w:val="0"/></w:rPr><w:br w:type="textWrapping"/></w:r><w:r><w:rPr><w:rFonts w:ascii="Arial Unicode MS" w:cs="Arial Unicode MS" w:hAnsi="Arial Unicode MS" w:eastAsia="Arial Unicode MS" w:hint="default"/><w:b w:val="0"/><w:bCs w:val="0"/><w:i w:val="0"/><w:iCs w:val="0"/><w:rtl w:val="0"/></w:rPr><w:t>✅</w:t></w:r><w:r><w:rPr><w:rFonts w:ascii="Times Roman" w:hAnsi="Times Roman"/><w:rtl w:val="0"/></w:rPr><w:t xml:space="preserve"> </w:t></w:r><w:r><w:rPr><w:rFonts w:ascii="Times Roman" w:hAnsi="Times Roman"/><w:b w:val="1"/><w:bCs w:val="1"/><w:rtl w:val="0"/><w:lang w:val="it-IT"/></w:rPr><w:t>Music</w:t></w:r></w:p><w:p><w:pPr><w:pStyle w:val="Default"/><w:numPr><w:ilvl w:val="0"/><w:numId w:val="2"/></w:numPr><w:bidi w:val="0"/><w:spacing w:before="0" w:after="240" w:line="240" w:lineRule="auto"/><w:ind w:right="0"/><w:jc w:val="left"/><w:rPr><w:rFonts w:ascii="Times Roman" w:hAnsi="Times Roman"/><w:rtl w:val="0"/><w:lang w:val="en-US"/></w:rPr></w:pPr><w:r><w:rPr><w:rFonts w:ascii="Times Roman" w:hAnsi="Times Roman"/><w:rtl w:val="0"/><w:lang w:val="en-US"/></w:rPr><w:t>Spotify API (discographies)</w:t></w:r><w:r><w:rPr><w:rFonts w:ascii="Times Roman" w:cs="Times Roman" w:hAnsi="Times Roman" w:eastAsia="Times Roman"/><w:rtl w:val="0"/></w:rPr><w:br w:type="textWrapping"/></w:r><w:r><w:rPr><w:rFonts w:ascii="Arial Unicode MS" w:cs="Arial Unicode MS" w:hAnsi="Arial Unicode MS" w:eastAsia="Arial Unicode MS" w:hint="default"/><w:b w:val="0"/><w:bCs w:val="0"/><w:i w:val="0"/><w:iCs w:val="0"/><w:rtl w:val="0"/></w:rPr><w:t>✅</w:t></w:r><w:r><w:rPr><w:rFonts w:ascii="Times Roman" w:hAnsi="Times Roman"/><w:rtl w:val="0"/></w:rPr><w:t xml:space="preserve"> </w:t></w:r><w:r><w:rPr><w:rFonts w:ascii="Times Roman" w:hAnsi="Times Roman"/><w:b w:val="1"/><w:bCs w:val="1"/><w:rtl w:val="0"/></w:rPr><w:t>Cars</w:t></w:r></w:p><w:p><w:pPr><w:pStyle w:val="Default"/><w:numPr><w:ilvl w:val="0"/><w:numId w:val="2"/></w:numPr><w:bidi w:val="0"/><w:spacing w:before="0" w:after="240" w:line="240" w:lineRule="auto"/><w:ind w:right="0"/><w:jc w:val="left"/><w:rPr><w:rFonts w:ascii="Times Roman" w:hAnsi="Times Roman"/><w:rtl w:val="0"/><w:lang w:val="en-US"/></w:rPr></w:pPr><w:r><w:rPr><w:rFonts w:ascii="Times Roman" w:hAnsi="Times Roman"/><w:rtl w:val="0"/><w:lang w:val="en-US"/></w:rPr><w:t>Manual at first (start with Porsche, BMW, Toyota generations).</w:t></w:r></w:p><w:sectPr><w:headerReference w:type="default" r:id="rId4"/><w:footerReference w:type="default" r:id="rId5"/><w:pgSz w:w="11906" w:h="16838" w:orient="portrait"/><w:pgMar w:top="1134" w:right="1134" w:bottom="1134" w:left="1134" w:header="709" w:footer="850"/><w:bidi w:val="0"/></w:sectPr></w:body></w:document>
